user_id,username
1,user_1
2,user_2
3,user_3
4,user_4
5,user_5
6,user_6
7,user_7
8,user_8
9,user_9
10,user_10
11,user_11
12,user_12
13,user_13
14,user_14
15,user_15
16,user_16
17,user_17
18,user_18
19,user_19
20,user_20
21,user_21
22,user_22
23,user_23
24,user_24
25,user_25
26,user_26
27,user_27
28,user_28
29,user_29
30,user_30
31,user_31
32,user_32
33,user_33
34,user_34
35,user_35
36,user_36
37,user_37
38,user_38
39,user_39
40,user_40
41,user_41
42,user_42
43,user_43
44,user_44
45,user_45
46,user_46
47,user_47
48,user_48
49,user_49
50,user_50
51,user_51
52,user_52
53,user_53
54,user_54
55,user_55
56,user_56
57,user_57
58,user_58
59,user_59
60,user_60
61,user_61
62,user_62
63,user_63
64,user_64
65,user_65
66,user_66
67,user_67
68,user_68
69,user_69
70,user_70
71,user_71
72,user_72
73,user_73
74,user_74
75,user_75
76,user_76
77,user_77
78,user_78
79,user_79
80,user_80
81,user_81
82,user_82
83,user_83
84,user_84
85,user_85
86,user_86
87,user_87
88,user_88
89,user_89
90,user_90
91,user_91
92,user_92
93,user_93
94,user_94
95,user_95
96,user_96
97,user_97
98,user_98
99,user_99
100,user_100
101,user_101
102,user_102
103,user_103
104,user_104
105,user_105
106,user_106
107,user_107
108,user_108
109,user_109
110,user_110
111,user_111
112,user_112
113,user_113
114,user_114
115,user_115
116,user_116
117,user_117
118,user_118
119,user_119
120,user_120
121,user_121
122,user_122
123,user_123
124,user_124
125,user_125
126,user_126
127,user_127
128,user_128
129,user_129
130,user_130
131,user_131
132,user_132
133,user_133
134,user_134
135,user_135
136,user_136
137,user_137
138,user_138
139,user_139
140,user_140
141,user_141
142,user_142
143,user_143
144,user_144
145,user_145
146,user_146
147,user_147
148,user_148
149,user_149
150,user_150
151,user_151
152,user_152
153,user_153
154,user_154
155,user_155
156,user_156
157,user_157
158,user_158
159,user_159
160,user_160
161,user_161
162,user_162
163,user_163
164,user_164
165,user_165
166,user_166
167,user_167
168,user_168
169,user_169
170,user_170
171,user_171
172,user_172
173,user_173
174,user_174
175,user_175
176,user_176
177,user_177
178,user_178
179,user_179
180,user_180
181,user_181
182,user_182
183,user_183
184,user_184
185,user_185
186,user_186
187,user_187
188,user_188
189,user_189
190,user_190
191,user_191
192,user_192
193,user_193
194,user_194
195,user_195
196,user_196
197,user_197
198,user_198
199,user_199
200,user_200
201,user_201
202,user_202
203,user_203
204,user_204
205,user_205
206,user_206
207,user_207
208,user_208
209,user_209
210,user_210
211,user_211
212,user_212
213,user_213
214,user_214
215,user_215
216,user_216
217,user_217
218,user_218
219,user_219
220,user_220
221,user_221
222,user_222
223,user_223
224,user_224
225,user_225
226,user_226
227,user_227
228,user_228
229,user_229
230,user_230
231,user_231
232,user_232
233,user_233
234,user_234
235,user_235
236,user_236
237,user_237
238,user_238
239,user_239
240,user_240
241,user_241
242,user_242
243,user_243
244,user_244
245,user_245
246,user_246
247,user_247
248,user_248
249,user_249
250,user_250
251,user_251
252,user_252
253,user_253
254,user_254
255,user_255
256,user_256
257,user_257
258,user_258
259,user_259
260,user_260
261,user_261
262,user_262
263,user_263
264,user_264
265,user_265
266,user_266
267,user_267
268,user_268
269,user_269
270,user_270
271,user_271
272,user_272
273,user_273
274,user_274
275,user_275
276,user_276
277,user_277
278,user_278
279,user_279
280,user_280
281,user_281
282,user_282
283,user_283
284,user_284
285,user_285
286,user_286
287,user_287
288,user_288
289,user_289
290,user_290
291,user_291
292,user_292
293,user_293
294,user_294
295,user_295
296,user_296
297,user_297
298,user_298
299,user_299
300,user_300
301,user_301
302,user_302
303,user_303
304,user_304
305,user_305
306,user_306
307,user_307
308,user_308
309,user_309
310,user_310
311,user_311
312,user_312
313,user_313
314,user_314
315,user_315
316,user_316
317,user_317
318,user_318
319,user_319
320,user_320
321,user_321
322,user_322
323,user_323
324,user_324
325,user_325
326,user_326
327,user_327
328,user_328
329,user_329
330,user_330
331,user_331
332,user_332
333,user_333
334,user_334
335,user_335
336,user_336
337,user_337
338,user_338
339,user_339
340,user_340
341,user_341
342,user_342
343,user_343
344,user_344
345,user_345
346,user_346
347,user_347
348,user_348
349,user_349
350,user_350
351,user_351
352,user_352
353,user_353
354,user_354
355,user_355
356,user_356
357,user_357
358,user_358
359,user_359
360,user_360
361,user_361
362,user_362
363,user_363
364,user_364
365,user_365
366,user_366
367,user_367
368,user_368
369,user_369
370,user_370
371,user_371
372,user_372
373,user_373
374,user_374
375,user_375
376,user_376
377,user_377
378,user_378
379,user_379
380,user_380
381,user_381
382,user_382
383,user_383
384,user_384
385,user_385
386,user_386
387,user_387
388,user_388
389,user_389
390,user_390
391,user_391
392,user_392
393,user_393
394,user_394
395,user_395
396,user_396
397,user_397
398,user_398
399,user_399
400,user_400
401,user_401
402,user_402
403,user_403
404,user_404
405,user_405
406,user_406
407,user_407
408,user_408
409,user_409
410,user_410
411,user_411
412,user_412
413,user_413
414,user_414
415,user_415
416,user_416
417,user_417
418,user_418
419,user_419
420,user_420
421,user_421
422,user_422
423,user_423
424,user_424
425,user_425
426,user_426
427,user_427
428,user_428
429,user_429
430,user_430
431,user_431
432,user_432
433,user_433
434,user_434
435,user_435
436,user_436
437,user_437
438,user_438
439,user_439
440,user_440
441,user_441
442,user_442
443,user_443
444,user_444
445,user_445
446,user_446
447,user_447
448,user_448
449,user_449
450,user_450
451,user_451
452,user_452
453,user_453
454,user_454
455,user_455
456,user_456
457,user_457
458,user_458
459,user_459
460,user_460
461,user_461
462,user_462
463,user_463
464,user_464
465,user_465
466,user_466
467,user_467
468,user_468
469,user_469
470,user_470
471,user_471
472,user_472
473,user_473
474,user_474
475,user_475
476,user_476
477,user_477
478,user_478
479,user_479
480,user_480
481,user_481
482,user_482
483,user_483
484,user_484
485,user_485
486,user_486
487,user_487
488,user_488
489,user_489
490,user_490
491,user_491
492,user_492
493,user_493
494,user_494
495,user_495
496,user_496
497,user_497
498,user_498
499,user_499
500,user_500
